{"cameraMode":{"drawMode":0,"name":"Shaded","section":"Shading Mode"},"sceneLighting":false,"audioPlay":true,"sceneViewState":{"showFog":true,"showMaterialUpdate":false,"showSkybox":true,"showFlares":true,"showImageEffects":true,"showParticleSystems":true},"in2DMode":false,"pivot":{"x":0.07520824670791626,"y":7.351741790771484,"z":-0.7780895233154297},"rotation":{"x":0.00011024775449186563,"y":0.9998900890350342,"z":0.01049923337996006,"w":-0.010499220341444016},"size":13.12643814086914,"orthographic":false}