{"cameraMode":{"drawMode":0,"name":"Shaded","section":"Shading Mode"},"sceneLighting":false,"audioPlay":true,"sceneViewState":{"showFog":true,"showMaterialUpdate":true,"showSkybox":true,"showFlares":true,"showImageEffects":true,"showParticleSystems":true},"in2DMode":false,"pivot":{"x":20.18878746032715,"y":0.652557373046875,"z":-5.006507873535156},"rotation":{"x":0.000005912615961278789,"y":-0.9999918937683106,"z":0.001499969745054841,"w":0.00389806623570621},"size":6.570476531982422,"orthographic":false}